couvert,,,,,,,,,
,,,,,,,,,
eau,huile,jus d'orange,jus de citron vert,lait,chocolat fondu,,,,
,,,,,,,,,
onigiri,empenadas,gimbap,radis mariné,kimchi,ramen,tofu,udon,,
gateau de savoie,tranche cake,,,,,,,,
citron,orange,pomme rouge,pomme verte,poire,,,,,
,,,,,,,,,
betterave,carotte,feuille de nori,cornichon,poivron rouge,;poivron orange,poivron vert,poivron jaune,gingembre,navet
haricots noirs,flageolets,haricots rouges,mais,epinard,oignon,piment rouge,ciboulette,ciboule,
oeuf,jaune d'oeuf,blanc d'oeuf,,,,,,,
,,,,,,,,,
sel,poivre,poudre verte,canelle en poudre,gingembre en poudre,poudre blanche,poudre rouge,poudre orange,poudre verte,
vanille,,,,,,,,,
pepite de chocolat au lait,pepites de chocolat noir,pepite de chocolat blanc,,,,,,,
tablette chocolat,,,,,,,,,
emmental,beurre,mozzarella,comté,cheddar,fromage frais,,,,
,,,,,,,,,
farine,sucre de canne,,,,,,,,
,,,,,,,,,
graine de sesame,,,,,,,,,
arachide,,,,,,,,,
